teks;kategori
waktu tambahan untuk membayar sks/bp3;Finance
permintaan tanda tangan mengenai magang;Academic Operation
Saya mau tanya, sertifikat Kalbispheration saya apakah sudah jadi atau belum? Karena saya sudah mengajukan untuk print ulang pada bulan maret lalu. Terima kasih;Academic Operation
Terkait pembayaran bp3, apakah saya telah melakukan pembayaran untuk tagihan tersebut. Terima kasih;Finance
Tolong lunasi uang kuliah saya;Finance
Permohonan surat praktik kerja;Academic Operation
Ac kalbis kurang dingin;Academic Operation
Perihal Surat Permohonan Untuk Magang;Academic Operation
Bukti Pembayaran;Finance
Subject lamaran magang Nama : ******* Nim : ********** Dear Academic Operation dengan ini saya sampaikan ketertarikan saya untuk melamar magang terkait yang sudah di sampaikan dalam media online, berikut adalah cv dan transcript nilai saya;Academic Operation
Kepada Yth. Pimpinan Layanan Keuangan Kalbis Institute Di Jakarta Dengan hormat, Berikut saya lampirkan surat permohonan keringanan pembayaran BP3 semester ganjil serta lampiran lainnya sebagai bahan pertimbangan Bapak/Ibu Pimpinan Layanan Keuangan Kalbis Institute. Hormat saya, (nama saya);Finance
Selamat siang saya ada pertanyaan mengenai pembayaran kalbis yang telat;Finance
Selamat sore bapak/ibu pihak student service Kalbis Institute, saya .... mahasiswa jurusan .... 2017 dengan NIM ...... , saya ingin bertanya bagaimana prosedur untuk pembuatan ID Card mahasiswa saat situasi pandemi seperti ini? Karena saya kehilangan ID Card mahasiswa dan saya memerlukan ID Card sebagai salah satu syarat dokumen untuk skripsi nanti, apakah saya perlu datang ke kampus dengan prosedur seperti biasanya atau ada prosedur khusus? Terima kasih. (Email ke student service tahun 2020);Academic Operation
Selamat Siang Kepada Layanan Mahasiswa, Dengan hormat, Dalam rangka memenuhi salah satu persyaratan magang yang akan dilaksanakan oleh mahasiswa Informatika angkatan 2017, maka saya: Nama : NIM : Perguruan Tinggi : Kalbis Institute Program Studi : Informatika (IF) Dengan surat ini saya ingin mengajukan Surat Pengantar Magang yang nantinya akan digunakan untuk melamar magang di PT. Prismalink Internasional. Demikian permohonan ini saya ajukan. Atas perhatian dan kebijaksanaan Bapak/Ibu saya ucapkan terima kasih. Jakarta, 11 Mei 2020 Hormat saya,;Academic Operation
“Saya menanyakan mengenai pembayaran uang kuliah, kok bukti pembayaran belum masuk ya kak”;Finance
Selamat Pagi Pak/ Bu saya selaku mahasiswa kalbis institute , mau bertanya soal pembyaran yang sudah ditagihkan. Jika ada kendala masalah keuangan apakah ada tambahan waktu ? jika ya bagaimana caranya ya? Terimakasih.;Finance
"""Siang ka.... boleh minta rekapan keuangan kuliah saya ka... dari sem awal hingga saat ini. Trimakasih"".";Finance
Dear Student Service Kalbis Institute, Saya (nama saya) dari prodi Informatika ingin menanyakan apakah DNK Semester Genap sudah keluar dan bisa dicetak ? Jika sudah, saya ingin mengajukan permohonan pencetakan DNK sebanyak 2 lembar Nama : (nama saya) NIM : (NIM saya) Best Regards, (nama saya);Academic Operation
Selamat siang saya memohon permintaaan formulir surat magang;Academic Operation
Dear Finance Kalbis, Berikut saya lampirkan surat permohonan permintaan kebijakan khusus pembayaran BP3 semester genap 2020/2021. Kiranya Bapak/Ibu dapat segera meresponi surat ini. Atas perhatian dan kerja samanya kami mengucapkan terima kasih.;Finance
Kepada bagian student service saya (nama mahasiswa) jurusan manajemen 2017 ingin meminta tolong informasi mengenai transcrip nilai bagaimana prosedurnya ya terima kasih;Academic Operation
“Saya menanyakan mengenai magang, apakah saya perlu mengirimkan surat keterangan magang kepada pic perusahaannya? saya bingung saat mengikuti langkah-langkahnya”;Academic Operation
Yth, Bagian Keuangan Kalbis Institute Di tempat, Bersama surat ini, saya: ........... Melampirkan bukti pembayaran BP3 yang terlambat dan sudah diinfokan sebelumnya. Apakah saya harus mengisi form tertentu yang berkaitan dengan keterlambatan pembayaran? Dan apakah saya masih bisa mengisi KRS sesuai jadwal? Mohon informasinya. Terima kasih.;Finance
Saya ingin menginformasi bahwa tadi sore ketika saya ingin upload uas di leaps tiba-tiba koneksi saya bermasalah sehingga waktu upload uas kalbis care sudah habis. Kira-kira bagaimana solusinya. Terimakasih;Academic Operation
Tentang sudah terbayarnya BP3 atau SKS;Finance
Meminta persetujuan magang dan proposal skripsi;Academic Operation
Selamat Pagi Pak/ Bu saya Mahasiswa kalbis institute, mau bertanya soal IPK yang belum keluar, ini sedang diproses atau bagaimana ya? karena nilai sudah keluar sejak lama. Terimakasih;Academic Operation
maaf saya baru lihat email karena leaps saya sudah di block , jadi ini saya harus gimana ya ?? , apa langsung bayar saja ??;Finance
Saya .... angkatan 2017, berikut ini saya lampirkan formulir proposal skripsi. terimah kasih;Academic Operation
"""Ka, kita kapan bisa melihat jadwal utk semster antaranya ya ka?"".";Academic Operation
Meminta transkrip nilai;Academic Operation
selamat siang ka, untuk pembayar bulan tersebut sudah terbayarkan apa blm ya? Trims;Finance
Selamat siang Bapak/Ibu Mohon maaf atas keterlambatan dalam proses pembayaran BP3. Jika ada formulir yang harus di isikan, saya memohon untuk mengirimkan link form tersebut. Terima Kasih;Finance
Selamat sore ibu/bapak Saya --- dari --- ingin meminta formulir untuk pengisian pembuatan certification kalbispheration dikarenakan certification yang saya punya hilang.;Academic Operation
Yth. Pihak Operasional Kalbis Di tempat, Saya .......... ingin bertanya. terkait dengan pemberitaan bahwa Menteri Pendidikan dan Kebudayaan akan memberikan kuota internet kepada siswa, mahasiswa, guru, dan dosen (https://www.cnnindonesia.com/nasional/20200827133510-20-539932/nadiem-akan-beri-kuota-internet-siswa-35-gb-mahasiswa-50-gb), apakah pihak Kampus sudah melakukan pendataan terhadap nomor handphone mahasiswa yang masih aktif agar bisa menerima bantuan dari mendikbud untuk menunjang pembelajaran jarak jauh? Demikian pertanyaan yang dapat saya sampaikan. Terima Kasih;Academic Operation
Selamat malam pak/bu. Saya ingin menyampaikan keluhan, selama setahun ini kita belajar dari rumah saja, dan tidak memakai fasilitas gedung, dan mengapa bayaran tetap sama dengan masuknya perkuliahan. Saya cuma meminta agar ada kebijakan keringan dari kampus;Finance
Tidak bisa Tap In LEAPS;Academic Operation
Bagaimana mengatasi absen yang telat pembayaran?;Finance
Ka untuk print skrip nilai bagaimana ya?;Academic Operation
Bagaimana cara saya mendapatkan beasiswa?;Finance
Dengan hormat, Sesuai dengan informasi yang sudah Bapak/Ibu Pimpinan Layanan Keuangan Kalbis Institute sampaikan mengenai pengunduran pembayaran SKS 2020/2021 dengan ini saya meminta permohonan bantuan untuk pengunduran biaya SKS yang di karenakan belum tersedianya biaya .Untuk biaya tersebut saya akan bayar pada tanggal 4 februari .;Finance
sistem pada leaps;Academic Operation
Selamat Malam Kepada Layanan Mahasiswa Kalbis Institute Dengan Hormat, Dalam rangka memenuhi salah satu syarat kelulusan di kampus yaitu magang, maka saya: Nama : Kevin Nur Herviansyah NIM : 2017103746 Program Studi : Informatika Dengan surat ini saya mengajukan Surat Pengantar Magang yang nantinya akan digunakan untuk melamar di Badan Nasional Penanggulangan Bencana (BNPB);Academic Operation
Kira kira jadwalnya bisa di ganti hari atau jam ga ya? Mungkin dengan menggantinya ke hari jam lain dan yang matkul satu lagi di ganti;Academic Operation
Tadi saya sudah ke ATM untuk bayar tetapi tulisannya '' tagihan anda sudah lunas '';Finance
mengirimkan hasil screen shoot yang berisi pembayaran, dan mengingatkan untuk membuka jadwal UAS di leaps.;Academic Operation
Selamat siang bapak/ibu, mohon maaf mengganggu waktu bapak/ibu. Pada semester ini saya mendapatkan IPS 4.00 , Apakah ada beasiswa? Apa saja persyaratan untuk mendapatkan beasiswa tersebut? Terimakasih sebelumnya bapak/ibu.;Academic Operation
Yth William Felix, Terimakasih untuk emailnya, untuk bukti pembayaran jika muncul kolom kosong apakah boleh dicoba kembali untuk langsung meng klik tombol download dan dicek di folder download Mohon untuk dicoba kembali ya Demikian yang dapat kami sampaikan, atas perhatian dan kerjasamanya kami ucapkan terimakasih;Finance
Selamat Siang Bapak/Ibu Dengan hormat, Saya Edo Hardianto ButarButar jurusan Informatika angkatan 2017.Disini saya ingin meminta Transkrip Nilai,karna di Aplikasi Leaps tidak bisa didownload (error). Alas perhatian Bapak/Ibu,saya ucapkan Terima kasih. Hormat saya;Academic Operation
selamat pagi Pak/Bu, saya ingin menanyakan soal absensi saya di mata kuliah A kenapa terlihat tidak hadir padahal saya mengikuti perkuliahannya dan absensi tap in & tap out tepat waktu. Mohon bantuannya Pak/Bu, terimakasih.;Academic Operation
Dear Finance Kalbis, Dengan Hormat, Saya Mahasiswa Kalbis Institute yang bernama : Nama : Oktavian Yudistira Putra NIM : 2017103770 Program Studi : Informatika Dengan ini saya ingin mengajukan Cicilan biaya BP3 kepada bagian Finance Kalbis dikarenakan, yang sebelumnya nomor orang tua saya di infokan untuk pembayaran perkuliahan, tetapi di perihal ini ibu saya belum mengetahui info tersebut. hingga saya menginfokan kepada orang tua saya di waktu yang sudah mepet deadline. maka dengan ini saya memohon kebijaksanaan pada bagian finance untuk memberikan Cicilan kepada saya agar dapat memudahkan urusan didalam administrasi perkuliahan. Sekian dan Terima Kasih atas perhatiannya Hormat Kami, Oktavian Yudistira Putra 2017103770 No Hp. 081319123422;Finance
Selamat Siang Bapak/Ibu Saya Edo Hardianto ButarButar ingin menanyakan tentang pembayaran BP3,saya sudah bayar menggunakan virtual account BCA,tapi di sistem kalbisphere tagihan belum lunas. Berikut saya lampirkan screnshoot menggunkan VA BCA,dan screnshhot di sistem kalbisphere. Atas perhatiannya Bapak/Ibu saya ucapkan Terima Kasih.;Finance
"Dear Student Service, Berikut saya kirimkan dokumen ""Formulir Permohonan Dokumen Akademik"" untuk mendapatkan surat keterangan mahasiswa dari pihak student service Best Regards, Dionisius Wisnu Indarto Student at Kalbis Institute ================ Jl. Rawa Kuning No. 102C Cakung, Pulogebang, Jakarta Timur Phone +62 85921414341 T/IG dionisiuswisnu";Academic Operation
Selamat pagi, saya Willyam saputra mahasiswa kalbis institute. mohon jelaskan mengenai prosedur pendaftaran proposal skripsi Terima Kasih;Academic Operation
Selamat pagi, saya Willyam saputra mahasiswa kalbis institute. saya ingin mengajukan keringanan biaya BP3 dengan ini saya lampirkan surat permohonan saya Terima Kasih;Finance
Untuk student service, memohon surat aktif mahasiswa untuk keperluan kerja orang tua;Academic Operation
Untuk bagian finance, permohonan pengurangan BP3;Finance
Selama sore Bu. Saya ingin bertanya mengenai pengisian krs online sem 5 di kalbisphere. Cara pengisiannya itu bagaimana ya dan adakah panduannya terimakasih;Academic Operation
Selamat siang Saya ingin meminta surat aktif mahasiswa untuk asuransi kesehatan. Teeimakasih;Academic Operation
Saya ingin bertanya terkait BP3 itu rincian biayanya liat dimana ya, soalnya saya liat di leapsnya tdk ada mks;Finance
Selamat Malam, saya Andreas Evananda Gusti Purwanto, mahasiswa jurusan Informatika peminatan Game Computing & Technology angkatan 2017. Berikut saya lampirkan Formulir Permohonan Surat Pengantar Kerja Praktik sebagai permohonan surat pengantar untuk magang. Atas perhatiannya, saya ucapkan terima kasih. Salam.;Academic Operation
Saya menanyakan mengenai masalah bp3 yang mungkin bisa di ringankan Berikut saya melampirkan surat;Finance
Selamat siang, saya ..... Dari mahasisea kalbis ingin menanyakan tentang pembayaran untuk sks dan bp3. Kapan pembayaran akhirnya? Dan apakah ada dispensasi untuk keuangan karena orang tua susah bayar. Terimakasih;Finance
Selamat Malam, Layanan Mahasiswa Dengan Hormat, Dalam rangka untuk memenuhi syarat lulus S1 Informatika Kalbis Institute, maka saya: Nama : Farhan Muhammad Basir NIM : 2017103049 Alamat : Jl. Rorotan 9 Rt17/07 no.257 Kel. Rorotan, Kec. Cilincing, Jakarta Utara Program Studi : Informatika Dengan surat ini saya ingin mengajukan Surat Pengantar Magang yang akan digunakan untuk melamar magang di Badan Nasional Penanggulangan Bencana (BNPB) Demikian permohonan ini saya ajukan, Terima Kasih Hormat saya Farhan Muhammad Basir;Academic Operation
selamat siang, ingin memastikan bahwa saya Dari kelas Sudah mengikuti kelas Yang dibimbing oleh Dan absen saya pada saat kelas itu tidak dianggap hadir maka ingin memberi informaai bahwa saya mengikuti kelas tersebut dan minta permohonan untuk perbaikan absen saya. Terimakasih;Academic Operation
